Model,Accuracy,Precision,Recall,F1-Score,Train Time (s),Inference Time (s)
Logistic Regression,0.4829971181556196,0.36176423192209484,0.3842147073413878,0.3540635591847245,2.4149041175842285,0.0064928531646728516
Linear SVM,0.4628242074927954,0.33457936186554227,0.339317655666982,0.33227926585386636,3.5616700649261475,0.0066492557525634766
XGBoost,0.4760806916426513,0.4167639572822288,0.26243294998442035,0.29041224688172607,245.46948194503784,0.041341304779052734
MLP,0.4207492795389049,0.33110246684388944,0.20707413908429298,0.21017618706108315,26.1272132396698,0.07528495788574219
Random Forest,0.4201729106628242,0.35103793426052426,0.19314187761507925,0.20652240529526553,15.169177055358887,0.2865889072418213
Naive Bayes,0.338328530259366,0.09737586846304427,0.1174363926356522,0.09355384872990273,0.07680416107177734,0.006081104278564453
